gid,bracket,disagree,n_valid,rank
50721,2020_2022,0.5880565999524519,113569,1
15172,2019_2021,0.5522149530241527,113569,2
15193,2019_2021,0.53486646884273,113569,3
51183,2020_2022,0.5059061011367539,113569,4
42291,2020_2022,0.49784051986017314,113569,5
48680,2020_2022,0.49244952407787335,113569,6
47523,2018_2020,0.4711188792716322,113569,7
13843,2019_2021,0.46090664352384836,112922,8
45391,2020_2022,0.44865896503447245,113569,9
46291,2020_2022,0.4320234187882551,112730,10
