gid,bracket,disagree,n_valid,rank
11000,2017_2019,0.9911509114031369,113232,1
03682,2017_2019,0.9049300425292113,113569,2
04363,2017_2019,0.81303876938249,113569,3
48671,2018_2020,0.7862268752916729,113569,4
13120,2021_2023,0.7836124063868871,113232,5
06923,2021_2023,0.7566369696480321,111459,6
47523,2018_2020,0.7198531289348326,113569,7
01411,2019_2021,0.7153448564308922,113569,8
01873,2017_2019,0.7038628498974192,113569,9
48422,2020_2022,0.7002725528519428,111538,10
