gid,bracket,disagree,n_valid,rank
03682,2017_2019,0.7480826634028652,113569,1
11000,2017_2019,0.6630634449625548,113232,2
05810,2019_2021,0.6336676381759107,113569,3
04363,2017_2019,0.6271517755725594,113569,4
20941,2017_2019,0.6145515061328355,113569,5
13921,2021_2023,0.5612006797629635,113569,6
25072,2021_2023,0.5605050674039571,113569,7
03693,2019_2021,0.5541323547486524,113906,8
47523,2018_2020,0.5471651595065555,113569,9
23240,2021_2023,0.5371976507673749,113569,10
