gid,bracket,disagree,n_valid,rank
50721,2020_2022,0.8144211888807685,113569,1
53151,2020_2022,0.7626817177222658,113569,2
48740,2020_2022,0.7031848479778813,113569,3
50981,2020_2022,0.6949343570868811,113569,4
42291,2020_2022,0.6899329922778223,113569,5
51183,2020_2022,0.6612808072625452,113569,6
46291,2020_2022,0.6512108578018274,112730,7
45391,2020_2022,0.644850267238419,113569,8
48422,2020_2022,0.6332449876286663,113569,9
40091,2020_2022,0.6018631844957691,113569,10
