gid,bracket,disagree,n_valid,rank
50721,2020_2022,0.9224788454595885,113569,1
42291,2020_2022,0.7844570261250869,113569,2
53151,2020_2022,0.767595030333982,113569,3
50981,2020_2022,0.7579709251644374,113569,4
45391,2020_2022,0.7393038593278095,113569,5
48422,2020_2022,0.7371818013718532,113569,6
51183,2020_2022,0.7275400857628402,113569,7
46291,2020_2022,0.7124190543777167,112730,8
48740,2020_2022,0.7122013929857619,113569,9
41261,2020_2022,0.6624254858279989,113569,10
