,Stable,Harvest,Development,Insect/Disease,Beaver
Stable,0.99376,0.68432,0.96958,0.97727,0.9782
Harvest,0.00321,0.29167,0.01935,0.014,0.00877
Development,0.00051,0.00209,0.00634,0.00039,2e-05
Insect/Disease,0.00225,0.02168,0.00428,0.00788,0.0105
Beaver,0.00028,0.00024,0.00044,0.00045,0.00251
