,Stable,Harvest,Development,Insect/Disease,Beaver
Stable,0.99416,0.72936,0.97755,0.97881,0.98317
Harvest,0.00292,0.24936,0.01405,0.01305,0.00599
Development,0.00049,0.00177,0.00461,0.00043,2e-05
Insect/Disease,0.00216,0.01919,0.0035,0.00732,0.00871
Beaver,0.00026,0.00031,0.00029,0.00039,0.00211
