,Stable,Harvest,Development,Insect/Disease,Beaver
Stable,0.88385,0.00921,0.00902,0.03672,0.06121
Harvest,0.59515,0.116,0.01623,0.181,0.09161
Development,0.77763,0.0231,0.1456,0.0497,0.00397
Insect/Disease,0.6357,0.11439,0.00778,0.09704,0.14509
Beaver,0.59282,0.00249,0.0101,0.04339,0.3512
