,Stable,Harvest,Development,Insect/Disease,Beaver
Stable,0.84305,0.02269,0.02842,0.03875,0.06709
Harvest,0.21429,0.67047,0.03529,0.04465,0.0353
Development,0.66862,0.08789,0.21396,0.02699,0.00254
Insect/Disease,0.53682,0.17477,0.02975,0.08479,0.17388
Beaver,0.55355,0.02456,0.02132,0.03902,0.36155
