,Stable,Harvest,Development,Insect/Disease,Beaver
Stable,0.99205,0.48907,0.9712,0.95868,0.95905
Harvest,0.00431,0.48652,0.02088,0.03209,0.02361
Development,0.00058,0.00231,0.00547,0.00051,8e-05
Insect/Disease,0.00276,0.02187,0.00223,0.0082,0.01274
Beaver,0.0003,0.00023,0.00021,0.00052,0.00452
