,Stable,Harvest,Development,Insect/Disease,Beaver
Stable,0.98905,0.84038,0.9668,0.93687,0.973
Harvest,0.00771,0.12253,0.02014,0.05344,0.01685
Development,0.00054,0.00132,0.00978,0.00079,4e-05
Insect/Disease,0.00243,0.03568,0.00285,0.00846,0.00788
Beaver,0.00026,9e-05,0.00043,0.00044,0.00223
