,Stable,Harvest,Development,Insect/Disease,Beaver
Stable,0.93579,0.00583,0.00637,0.03209,0.01992
Harvest,0.35168,0.50127,0.01184,0.09283,0.04238
Development,0.86845,0.04406,0.05732,0.02739,0.00278
Insect/Disease,0.76167,0.0763,0.00428,0.0803,0.07744
Beaver,0.71063,0.00686,0.00349,0.04351,0.23551
