,Stable,Harvest,Development,Insect/Disease,Beaver
Stable,0.88417,0.01753,0.01641,0.03503,0.04687
Harvest,0.24645,0.64555,0.0283,0.04337,0.03633
Development,0.71928,0.08542,0.17132,0.02239,0.00159
Insect/Disease,0.58643,0.16249,0.0212,0.08268,0.14721
Beaver,0.62361,0.01546,0.01883,0.04077,0.30133
