gid,bracket,disagree,n_valid,rank
53151,2020_2022,0.7356232774788894,113569,1
50721,2020_2022,0.6266762937069095,113569,2
48740,2020_2022,0.5796035890075637,113569,3
48422,2020_2022,0.5673643335769444,113569,4
42291,2020_2022,0.5386329015840591,113569,5
50981,2020_2022,0.5324428321108753,113569,6
46291,2020_2022,0.5320500310476359,112730,7
45391,2020_2022,0.5167959566430981,113569,8
51391,2020_2022,0.42288828817723145,113569,9
25092,2019_2021,0.40636969595576256,113569,10
